{
  "setting": {},
  "condition": {
    "plugin": {
      "list": []
    },
    "game": {
      "list": []
    },
    "gamePlugin": {
      "list": []
    },
    "miniprogram": {
      "list": [
        {
          "name": "pages/add/add",
          "pathName": "pages/add/add",
          "query": "",
          "scene": null
        },
        {
          "name": "pages/my/my",
          "pathName": "pages/my/my",
          "query": "",
          "scene": null
        },
        {
          "name": "pages/game2/game2",
          "pathName": "pages/game2/game2",
          "query": "",
          "scene": null
        },
        {
          "name": "pages/wrongquestion/wrongquestion",
          "pathName": "pages/wrongquestion/wrongquestion",
          "query": "",
          "scene": null
        },
        {
          "name": "pages/forum2/forum2",
          "pathName": "pages/forum2/forum2",
          "query": "",
          "scene": null
        },
        {
          "name": "pages/ranking2/ranking2",
          "pathName": "pages/ranking2/ranking2",
          "query": "",
          "scene": null
        },
        {
          "name": "pages/login/login",
          "pathName": "pages/login/login",
          "query": "",
          "scene": null
        },
        {
          "name": "",
          "pathName": "pages/index/index",
          "query": "",
          "scene": null
        },
        {
          "name": "",
          "pathName": "pages/game4index/game4index",
          "query": "",
          "scene": null
        },
        {
          "name": "pages/game4index/game4index",
          "pathName": "pages/game4index/game4index",
          "query": "",
          "scene": null
        },
        {
          "name": "pages/easygame4/easygame4",
          "pathName": "pages/easygame4/easygame4",
          "query": "",
          "scene": null
        },
        {
          "name": "pages/ranking4/ranking4",
          "pathName": "pages/ranking4/ranking4",
          "query": "",
          "scene": null
        }
      ]
    }
  }
}